Res Number,Contacts,Number of Contacts
2,"[4, 23, 3]",3
3,"[4, 21, 22, 20]",4
4,"[2, 85, 86]",3
5,[20],1
6,"[4, 21, 88, 27, 84, 5]",6
7,"[17, 9, 16, 18, 8, 89]",6
8,"[7, 92, 90, 27, 6]",5
9,"[7, 55, 16, 89]",4
10,"[92, 13, 93]",3
11,[91],1
12,"[10, 13, 11]",3
13,[12],1
14,"[15, 13, 16]",3
15,"[10, 9, 92, 8]",4
16,"[17, 7, 9]",3
17,[],0
18,"[7, 5, 19, 6]",4
19,"[30, 31, 21, 8]",4
20,[5],1
21,"[30, 4, 20, 19, 6]",5
22,"[21, 3, 20, 25]",4
23,[2],1
24,[],0
25,"[29, 33, 30]",3
26,"[63, 83, 81]",3
27,"[90, 59, 84, 82, 6]",5
28,"[32, 43, 80, 40]",4
29,[26],1
30,"[29, 31, 21, 26, 27, 19, 25]",7
31,"[32, 30, 36, 28, 27, 8, 19, 38]",8
32,"[28, 43, 40]",3
33,"[29, 25]",2
34,"[30, 36, 31, 35, 33, 19]",6
35,"[36, 34, 37]",3
36,"[17, 31, 34, 8, 19]",5
37,[36],1
38,"[36, 37, 92]",3
39,"[93, 38]",2
40,[43],1
41,[42],1
42,"[44, 43, 45, 46, 47]",5
43,"[28, 29, 32]",3
44,"[42, 45, 43]",3
45,"[44, 64, 66, 46, 65, 78, 47]",7
46,"[42, 45, 65, 47]",4
47,"[42, 49, 41, 48]",4
48,"[49, 95, 66, 47]",4
49,"[39, 95, 41, 50, 40]",5
50,"[80, 78, 79, 51]",4
51,"[94, 95, 98, 77, 48, 78, 52, 50]",8
52,"[76, 75, 94, 53, 54, 77, 51]",7
53,"[76, 74]",2
54,"[88, 56, 90, 59, 89, 57]",6
55,"[89, 91, 9]",3
56,"[55, 57]",2
57,"[58, 56, 54]",3
58,"[59, 57]",2
59,"[61, 54, 60, 58, 77, 82]",6
60,"[83, 62]",2
61,"[76, 67, 77, 59, 72]",5
62,"[60, 63, 61]",3
63,[26],1
64,"[66, 67, 65, 72]",4
65,"[64, 66, 45, 46]",4
66,"[47, 48]",2
67,"[76, 71, 66, 98, 78]",5
68,[71],1
69,[],0
70,[],0
71,[98],1
72,"[76, 61, 64, 67]",4
73,[],0
74,"[76, 71, 75, 73, 70]",5
75,"[76, 74, 53, 54, 77, 52]",6
76,"[53, 97]",2
77,"[76, 75, 53, 54, 90, 78, 52, 79]",8
78,"[67, 77, 47, 50, 51]",5
79,"[77, 27, 78, 50]",4
80,"[44, 43, 81, 45, 50]",5
81,"[64, 45, 80, 78, 82]",5
82,"[61, 81, 59, 27, 78, 79, 83]",7
83,[26],1
84,"[21, 22, 23, 27, 82, 83, 25]",7
85,"[60, 59, 84, 83]",4
86,"[85, 88, 87, 58, 57]",5
87,[5],1
88,"[54, 86, 87, 90, 84, 5, 6, 89]",8
89,"[7, 56, 88]",3
90,"[88, 54, 77, 27, 6]",5
91,"[55, 11]",2
92,"[93, 9, 90, 91, 15, 8, 38]",7
93,[39],1
94,"[91, 97]",2
95,"[48, 49]",2
96,[],0
97,[94],1
98,"[76, 71, 67, 97]",4
,,3.474226804
